{"target0":{"x":-5.503316784094398,"y":-4.764542746714943,"z":21.22820793271642},"position0":{"x":-59.43678462722491,"y":123.00318803513858,"z":23.6558097723133},"zoom0":1}